ANO;ESTADO;CODIGO IBGE;Municipio;Vendas
2019;Rondonia;1100023;ARIQUEMES;50.165 
2019;Rondonia;1100049;CACOAL;175.000 
2019;Rondonia;1100122;JI-PARANA;459 
2019;Rondonia;1100189;PIMENTA BUENO;10.000 
2019;Rondonia;1100205;PORTO VELHO;53.119 
2019;Rondonia;1100304;VILHENA;131.743 
2019;Acre;1200203;CRUZEIRO DO SUL;235.000 
2019;Acre;1200302;FEIJO;105.171 
2019;Acre;1200401;RIO BRANCO;369.435 
2019;Amazonas;1302603;MANAUS 674.314 
2019;Roraima;1400100;BOA VISTA;797.000 
2019;Roraima;1400175;CANTA;300.898 
2019;Para;1501402;BELEM;544.168 
2019;Para;1502707;CONCEICAO DO ARAGUAIA;435 
2019;Para;1503606;ITAITUBA;1.305.781 
2019;Para;1504208;MARABA;30.000 
2019;Para;1505031;NOVO PROGRESSO;499.905 
2019;Para;1505106;OBIDOS;5.000 
2019;Para;1505437;OURILANDIA DO NORTE;34.878 
2019;Para;1505502;PARAGOMINAS;615 
2019;Para;1505536;PARAUAPEBAS;103.921 
2019;Para;1506138;REDENCAO;292.916 
2019;Para;1506807;SANTAREM;376.784 
2019;Para;1507300;SAO FELIX DO XINGU;35.050 
2019;Para;1508084;TUCUMA;5.000 
2019;Para;1508407;XINGUARA;40.353 
2019;Amapa;1600303;MACAPA;377.400 
2019;Tocantins;1700707;ALVORADA;358 
2019;Tocantins;1702109;ARAGUAINA;552.664 
2019;Tocantins;1709500;GURUPI;326.000 
2019;Tocantins;1716109;PARAISO DO TOCANTINS;102.261 
2019;Tocantins;1716505;PEDRO AFONSO;977 
2019;Tocantins;1718204;PORTO NACIONAL;72.000 
2019;Tocantins;1721000;PALMAS;242.526 
2019;Maranhao;2101400;BALSAS;102.689 
2019;Maranhao;2102804;CAROLINA;22.980 
2019;Maranhao;2103752;DAVINOPOLIS;149 
2019;Maranhao;2105302;IMPERATRIZ;50.950 
2019;Maranhao;2107506;PACO DO LUMIAR;53.000 
2019;Maranhao;2110005;SANTA LUZIA;169 
2019;Maranhao;2111300;SAO LUIS;147.285 
2019;Maranhao;2112209;TIMON;26.931 
2019;Piaui;2201150;BAIXA GRANDE DO RIBEIRO;22.915 
2019;Piaui;2204303;FRONTEIRAS;55 
2019;Piaui;2206605;MONTE ALEGRE DO PIAUI;10.238 
2019;Piaui;2207702;PARNAIBA;57.500 
2019;Piaui;2208908;RIBEIRO GONCALVES;4.879 
2019;Piaui;2209203;SANTA FILOMENA;9.880 
2019;Piaui;2210631;SEBASTIAO LEAL;569 
2019;Piaui;2211001;TERESINA;180.729 
2019;Ceara;2301000;AQUIRAZ;71.289 
2019;Ceara;2303501;CASCAVEL;279 
2019;Ceara;2304400;FORTALEZA;232.900 
2019;Ceara;2307304;JUAZEIRO DO NORTE;51.418 
2019;Ceara;2312403;SAO GONCALO DO AMARANTE;194 
2019;Rio Grande do Norte;2401305;CAMPO GRANDE;2.129 
2019;Rio Grande do Norte;2403251;PARNAMIRIM;96.000 
2019;Rio Grande do Norte;2404309;GOVERNADOR DIX-SEPT ROSADO;162 
2019;Rio Grande do Norte;2408102;NATAL;850 
2019;Rio Grande do Norte;2412203;SAO JOSE DE MIPIBU;5.000 
2019;Paraiba;2501807;BAYEUX;110.000 
2019;Paraiba;2503209;CABEDELO;89 
2019;Paraiba;2504009;CAMPINA GRANDE;41.466 
2019;Paraiba;2506301;GUARABIRA;150 
2019;Paraiba;2507507;JOAO PESSOA;6.000 
2019;Paraiba;2509206;MASSARANDUBA;30.000 
2019;Paraiba;2513703;SANTA RITA;12.000 
2019;Paraiba;2516201;SOUSA;226 
2019;Pernambuco;2602902;CABO DE SANTO AGOSTINHO;234 
2019;Pernambuco;2604106;CARUARU;15.078 
2019;Pernambuco;2606002;GARANHUNS;281 
2019;Pernambuco;2606804;IGARASSU;135 
2019;Pernambuco;2611101;PETROLINA;36.105 
2019;Pernambuco;2611606;RECIFE;271.205 
2019;Alagoas;2701506;CAMPO GRANDE;20.000 
2019;Alagoas;2704302;MACEIO;18.000 
2019;Alagoas;2704708;MARECHAL DEODORO;150 
2019;Alagoas;2707701;RIO LARGO;142.061 
2019;Sergipe;2800308;ARACAJU;49.124 
2019;Bahia;2900702;ALAGOINHAS;50 
2019;Bahia;2900801;ALCOBACA;758 
2019;Bahia;2901304;ANDARAI;1.182 
2019;Bahia;2903201;BARREIRAS;122.069 
2019;Bahia;2903409;BELMONTE;193 
2019;Bahia;2903904;BOM JESUS DA LAPA;15.344 
2019;Bahia;2904605;BRUMADO;17.925 
2019;Bahia;2905008;CACULE;164 
2019;Bahia;2907509;CATU;100 
2019;Bahia;2908101;COCOS;388 
2019;Bahia;2909307;CORRENTINA;192 
2019;Bahia;2910727;EUNAPOLIS;120 
2019;Bahia;2910800;FEIRA DE SANTANA;7.324 
2019;Bahia;2911105;FORMOSA DO RIO PRETO;9.800 
2019;Bahia;2911709;GUANAMBI;83.196 
2019;Bahia;2913606;ILHEUS;44.859 
2019;Bahia;2914604;IRECE;826 
2019;Bahia;2914703;ITABERABA;120 
2019;Bahia;2919207;LAURO DE FREITAS;7.590 
2019;Bahia;2919553;LUIS EDUARDO MAGALHAES;416.503 
2019;Bahia;2921104;MEDEIROS NETO;15.965 
2019;Bahia;2921906;MUCUGE;270 
2019;Bahia;2925303;PORTO SEGURO;87.779 
2019;Bahia;2927408;SALVADOR;310.041 
2019;Bahia;2928901;SAO DESIDERIO;23.018 
2019;Bahia;2929503;SAO SEBASTIAO DO PASSE;17.271 
2019;Bahia;2930105;SENHOR DO BONFIM;50 
2019;Bahia;2930501;SERRINHA;924 
2019;Bahia;2930709;SIMOES FILHO;1.031 
2019;Bahia;2931350;TEIXEIRA DE FREITAS;48.000 
2019;Bahia;2932903;VALENCA;189 
2019;Bahia;2933208;VERA CRUZ;683 
2019;Bahia;2933307;VITORIA DA CONQUISTA;31.313 
2019;Minas Gerais;3104205;ARCOS;9.000 
2019;Minas Gerais;3106200;BELO HORIZONTE;1.138.966 
2019;Minas Gerais;3107406;BOM DESPACHO;45.000 
2019;Minas Gerais;3108552;BRASILANDIA DE MINAS;33.000 
2019;Minas Gerais;3112604;CAPINOPOLIS;38.000 
2019;Minas Gerais;3114303;CARMO DO PARANAIBA;15.000 
2019;Minas Gerais;3115508;CAXAMBU;43.000 
2019;Minas Gerais;3117876;CONFINS;7.184 
2019;Minas Gerais;3118601;CONTAGEM;19.500 
2019;Minas Gerais;3120904;CURVELO;11.191 
2019;Minas Gerais;3121605;DIAMANTINA;20.000 
2019;Minas Gerais;3122306;DIVINOPOLIS;163.601 
2019;Minas Gerais;3122454;DIVISOPOLIS;95 
2019;Minas Gerais;3126109;FORMIGA;10.000 
2019;Minas Gerais;3127701;GOVERNADOR VALADARES;148.240 
2019;Minas Gerais;3128709;GUAXUPE;13.000 
2019;Minas Gerais;3131307;IPATINGA;1.500 
2019;Minas Gerais;3132404;ITAJUBA;10 
2019;Minas Gerais;3134004;ITINGA;5.000 
2019;Minas Gerais;3134202;ITUIUTABA;25.000 
2019;Minas Gerais;3134400;ITURAMA;30.000 
2019;Minas Gerais;3134608;JABOTICATUBAS;5.000 
2019;Minas Gerais;3135050;JAIBA;7.000 
2019;Minas Gerais;3135100;JANAUBA;11.000 
2019;Minas Gerais;3136702;JUIZ DE FORA;330.000 
2019;Minas Gerais;3137601;LAGOA SANTA;20.000 
2019;Minas Gerais;3138203;LAVRAS;52.000 
2019;Minas Gerais;3142809;MONTE ALEGRE DE MINAS;126 
2019;Minas Gerais;3143302;MONTES CLAROS;141.052 
2019;Minas Gerais;3143906;MURIAE;20.100 
2019;Minas Gerais;3144300;NANUQUE;10.850 
2019;Minas Gerais;3144805;NOVA LIMA;26.874 
2019;Minas Gerais;3147105;PARA DE MINAS;455.000 
2019;Minas Gerais;3147907;PASSOS;7.000 
2019;Minas Gerais;3148004;PATOS DE MINAS;20.484 
2019;Minas Gerais;3151206;PIRAPORA;10.778 
2019;Minas Gerais;3151503;PIUMHI;27.000 
2019;Minas Gerais;3151800;POCOS DE CALDAS;40.000 
2019;Minas Gerais;3162906;SAO JOAO NEPOMUCENO;5.000 
2019;Minas Gerais;3162948;SAO JOSE DA BARRA;7.000 
2019;Minas Gerais;3163706;SAO LOURENCO;18.000 
2019;Minas Gerais;3164308;SAO ROQUE DE MINAS;5.000 
2019;Minas Gerais;3164704;SAO SEBASTIAO DO PARAISO;38.325 
2019;Minas Gerais;3167202;SETE LAGOAS;15.000 
2019;Minas Gerais;3168606;TEOFILO OTONI;55.131 
2019;Minas Gerais;3169109;TOLEDO;254 
2019;Minas Gerais;3169901;UBA;5.000 
2019;Minas Gerais;3170057;UBAPORANGA;100.000 
2019;Minas Gerais;3170107;UBERABA;144.200 
2019;Minas Gerais;3170206;UBERLANDIA;273.184 
2019;Minas Gerais;3170404;UNAI;36.537 
2019;Minas Gerais;3170701;VARGINHA;80.112 
2019;Minas Gerais;3170909;VARZELANDIA;10.000 
2019;Minas Gerais;3171303;VICOSA;20.000 
2019;Minas Gerais;3172004;VISCONDE DO RIO BRANCO;7.000 
2019;Espirito Santo;3200169;AGUA DOCE DO NORTE;32.000 
2019;Espirito Santo;3200300;ALFREDO CHAVES;7.100 
2019;Espirito Santo;3201209;CACHOEIRO DE ITAPEMIRIM;84.255 
2019;Espirito Santo;3201308;CARIACICA;7.900 
2019;Espirito Santo;3201407;CASTELO;27.500 
2019;Espirito Santo;3201506;COLATINA;43.000 
2019;Espirito Santo;3201902;DOMINGOS MARTINS;1.000 
2019;Espirito Santo;3202207;FUNDAO;2.300 
2019;Espirito Santo;3202405;GUARAPARI;139.000 
2019;Espirito Santo;3202801;ITAPEMIRIM;500 
2019;Espirito Santo;3202900;ITARANA;9.300 
2019;Espirito Santo;3203304;MANTENOPOLIS;18.000 
2019;Espirito Santo;3203403;MIMOSO DO SUL;2.000 
2019;Espirito Santo;3203502;MONTANHA;11.300 
2019;Espirito Santo;3203601;MUCURICI;2.500 
2019;Espirito Santo;3203908;NOVA VENECIA;5.765 
2019;Espirito Santo;3204104;PINHEIROS;23.700 
2019;Espirito Santo;3204658;SAO DOMINGOS DO NORTE;270 
2019;Espirito Santo;3204906;SAO MATEUS;40.000 
2019;Espirito Santo;3205002;SERRA;14.726 
2019;Espirito Santo;3205200;VILA VELHA;39.281 
2019;Espirito Santo;3205309;VITORIA;180.349 
2019;Rio de Janeiro;3300605;BOM JESUS DO ITABAPOANA;6.000 
2019;Rio de Janeiro;3300704;CABO FRIO;40.176 
2019;Rio de Janeiro;3301009;CAMPOS DOS GOYTACAZES;50.000 
2019;Rio de Janeiro;3301702;DUQUE DE CAXIAS;3.766 
2019;Rio de Janeiro;3302254;ITATIAIA;50 
2019;Rio de Janeiro;3302601;MANGARATIBA;45.000 
2019;Rio de Janeiro;3303708;PARAIBA DO SUL;129 
2019;Rio de Janeiro;3303807;PARATY;16.939 
2019;Rio de Janeiro;3304110;PORTO REAL;178 
2019;Rio de Janeiro;3304201;RESENDE;8.000 
2019;Rio de Janeiro;3304524;RIO DAS OSTRAS;12.000 
2019;Rio de Janeiro;3304557;RIO DE JANEIRO;806.915 
2019;Rio de Janeiro;3305109;SAO JOAO DE MERITI;889 
2019;Rio de Janeiro;3305802;TERESOPOLIS;2.197 
2019;Rio de Janeiro;3306008;TRES RIOS;58 
2019;Sao Paulo;3500105;ADAMANTINA;8.000 
2019;Sao Paulo;3500709;AGUDOS;171 
2019;Sao Paulo;3501608;AMERICANA;230.000 
2019;Sao Paulo;3502804;ARACATUBA;421.232 
2019;Sao Paulo;3503208;ARARAQUARA;109.000 
2019;Sao Paulo;3503307;ARARAS;45.510 
2019;Sao Paulo;3503901;ARUJA;31.000 
2019;Sao Paulo;3504008;ASSIS;40.375 
2019;Sao Paulo;3504107;ATIBAIA;17.000 
2019;Sao Paulo;3504503;AVARE;22.067 
2019;Sao Paulo;3505500;BARRETOS;282 
2019;Sao Paulo;3505708;BARUERI;911 
2019;Sao Paulo;3505906;BATATAIS;20.000 
2019;Sao Paulo;3506003;BAURU;136.000 
2019;Sao Paulo;3506102;BEBEDOURO;3.555 
2019;Sao Paulo;3506359;BERTIOGA;15.000 
2019;Sao Paulo;3506508;BIRIGUI;42.000 
2019;Sao Paulo;3506607;BIRITIBA-MIRIM;12.000 
2019;Sao Paulo;3507001;BOITUVA;12.000 
2019;Sao Paulo;3507456;BOREBI;3.086 
2019;Sao Paulo;3507506;BOTUCATU;30.000 
2019;Sao Paulo;3507605;BRAGANCA PAULISTA;404.191 
2019;Sao Paulo;3509205;CAJAMAR;15.000 
2019;Sao Paulo;3509502;CAMPINAS;183.914 
2019;Sao Paulo;3510609;CARAPICUIBA;146.166 
2019;Sao Paulo;3510807;CASA BRANCA;15.258 
2019;Sao Paulo;3511102;CATANDUVA;50.000 
2019;Sao Paulo;3512100;COLOMBIA;1.187 
2019;Sao Paulo;3513504;CUBATAO;123.000 
2019;Sao Paulo;3515509;FERNANDOPOLIS;39.000 
2019;Sao Paulo;3516200;FRANCA;45.500 
2019;Sao Paulo;3516705;GARCA;144 
2019;Sao Paulo;3518404;GUARATINGUETA;7.000 
2019;Sao Paulo;3518800;GUARULHOS;261 
2019;Sao Paulo;3519600;IBITINGA;30.000 
2019;Sao Paulo;3521101;IPEUNA;55.000 
2019;Sao Paulo;3522109;ITANHAEM;59.099 
2019;Sao Paulo;3522703;ITAPOLIS;421.230 
2019;Sao Paulo;3523404;ITATIBA;1.000 
2019;Sao Paulo;3523602;ITIRAPINA;20.000 
2019;Sao Paulo;3524204;JABORANDI;300.000 
2019;Sao Paulo;3524303;JABOTICABAL;3.922 
2019;Sao Paulo;3524808;JALES;26.050 
2019;Sao Paulo;3525904;JUNDIAI;573.050 
2019;Sao Paulo;3526704;LEME;82.500 
2019;Sao Paulo;3526803;LENCOIS PAULISTA;25.567 
2019;Sao Paulo;3526902;LIMEIRA;91 
2019;Sao Paulo;3527108;LINS;3.287 
2019;Sao Paulo;3527207;LORENA;5.355 
2019;Sao Paulo;3527603;LUIS ANTONIO;5.000 
2019;Sao Paulo;3529005;MARILIA;111.723 
2019;Sao Paulo;3529302;MATAO;315 
2019;Sao Paulo;3529708;MIGUELOPOLIS;5.000 
2019;Sao Paulo;3531308;MONTE ALTO;264 
2019;Sao Paulo;3531803;MONTE MOR;30.000 
2019;Sao Paulo;3534302;ORLANDIA;115 
2019;Sao Paulo;3534401;OSASCO;1.973 
2019;Sao Paulo;3534708;OURINHOS;3.232 
2019;Sao Paulo;3535804;PARANAPANEMA;15.000 
2019;Sao Paulo;3537305;PENAPOLIS;12.000 
2019;Sao Paulo;3538709;PIRACICABA;414.050 
2019;Sao Paulo;3539301;PIRASSUNUNGA;773.000 
2019;Sao Paulo;3539806;POA;1.602 
2019;Sao Paulo;3540002;POMPEIA;1.585 
2019;Sao Paulo;3540705;PORTO FERREIRA;3.000 
2019;Sao Paulo;3541406;PRESIDENTE PRUDENTE;176.000 
2019;Sao Paulo;3542404;REGENTE FEIJO;15.000 
2019;Sao Paulo;3542602;REGISTRO;124 
2019;Sao Paulo;3542701;RESTINGA;3.500 
2019;Sao Paulo;3543402;RIBEIRAO PRETO;465.696 
2019;Sao Paulo;3543600;RIFAINA;2.000 
2019;Sao Paulo;3543907;RIO CLARO;60.600 
2019;Sao Paulo;3545209;SALTO;2.476 
2019;Sao Paulo;3545308;SALTO DE PIRAPORA;20.000 
2019;Sao Paulo;3546405;SANTA CRUZ DO RIO PARDO;3.000 
2019;Sao Paulo;3546603;SANTA FE DO SUL;2.000 
2019;Sao Paulo;3547502;SANTA RITA DO PASSA QUATRO;1.545 
2019;Sao Paulo;3547809;SANTO ANDRE;2.590 
2019;Sao Paulo;3548708;SAO BERNARDO DO CAMPO;1.061 
2019;Sao Paulo;3548807;SAO CAETANO DO SUL;3.282 
2019;Sao Paulo;3549102;SAO JOAO DA BOA VISTA;73.761 
2019;Sao Paulo;3549706;SAO JOSE DO RIO PARDO;5.000 
2019;Sao Paulo;3549805;SAO JOSE DO RIO PRETO;429.535 
2019;Sao Paulo;3549904;SAO JOSE DOS CAMPOS;178.278 
2019;Sao Paulo;3550308;SAO PAULO;1.081.572 
2019;Sao Paulo;3551801;SETE BARRAS;26.000 
2019;Sao Paulo;3552205;SOROCABA;255.719 
2019;Sao Paulo;3552403;SUMARE;100 
2019;Sao Paulo;3554003;TATUI;50.300 
2019;Sao Paulo;3554102;TAUBATE;31.000 
2019;Sao Paulo;3555000;TUPA;10.000 
2019;Sao Paulo;3555109;TUPI PAULISTA;6.000 
2019;Sao Paulo;3555406;UBATUBA;51.945 
2019;Sao Paulo;3556404;VARGEM GRANDE DO SUL;19.087 
2019;Sao Paulo;3557105;VOTUPORANGA;27.000 
2019;Parana;4101101;ANDIRA;25.000 
2019;Parana;4101408;APUCARANA;1.346 
2019;Parana;4101507;ARAPONGAS;19.000 
2019;Parana;4101804;ARAUCARIA;4.155 
2019;Parana;4102307;BALSA NOVA;29.000 
2019;Parana;4102604;BARRACAO;5.000 
2019;Parana;4103008;BOA ESPERANCA;10.000 
2019;Parana;4103602;CAMBARA;4.000 
2019;Parana;4103701;CAMBE;1.224 
2019;Parana;4104204;CAMPO LARGO;33.339 
2019;Parana;4104303;CAMPO MOURAO;60.150 
2019;Parana;4104808;CASCAVEL;200.341 
2019;Parana;4105508;CIANORTE;28.000 
2019;Parana;4105607;CIDADE GAUCHA;5.000 
2019;Parana;4105805;COLOMBO;6.000 
2019;Parana;4106902;CURITIBA;677.753 
2019;Parana;4108304;FOZ DO IGUACU;145.940 
2019;Parana;4108403;FRANCISCO BELTRAO;49.000 
2019;Parana;4108601;GOIOERE;24.000 
2019;Parana;4108809;GUAIRA;21.000 
2019;Parana;4109401;GUARAPUAVA;45.224 
2019;Parana;4109609;GUARATUBA;45.000 
2019;Parana;4109708;IBAITI;15.884 
2019;Parana;4109807;IBIPORA;20.000 
2019;Parana;4110003;IGUARACU;31.000 
2019;Parana;4111001;ITAMBARACA;56.000 
2019;Parana;4111100;ITAMBE;550 
2019;Parana;4111902;JAGUAPITA;5.000 
2019;Parana;4113700;LONDRINA;565.889 
2019;Parana;4114302;MANDIRITUBA;880 
2019;Parana;4115200;MARINGA;805.478 
2019;Parana;4115309;MARIOPOLIS;2.523 
2019;Parana;4116000;MIRASELVA;38.000 
2019;Parana;4117107;NOVA LONDRINA;3.000 
2019;Parana;4117602;PALMAS;9.000 
2019;Parana;4117909;PALOTINA;26.000 
2019;Parana;4118204;PARANAGUA;33.000 
2019;Parana;4118303;PARANAPOEMA;5.000 
2019;Parana;4118402;PARANAVAI;14.101 
2019;Parana;4118501;PATO BRANCO;348.000 
2019;Parana;4119152;PINHAIS;6.000 
2019;Parana;4119509;PIRAQUARA;73.000 
2019;Parana;4119905;PONTA GROSSA;210.000 
2019;Parana;4120408;PRESIDENTE CASTELO BRANCO;35.000 
2019;Parana;4120655;QUARTO CENTENARIO;66.565 
2019;Parana;4121802;RIBEIRAO CLARO;10.000 
2019;Parana;4122404;ROLANDIA;25.000 
2019;Parana;4123709;SANTA ISABEL DO IVAI;87.920 
2019;Parana;4124053;SANTA TEREZINHA DE ITAIPU;9.000 
2019;Parana;4125506;SAO JOSE DOS PINHAIS;36.000 
2019;Parana;4126405;SERTANEJA;43.000 
2019;Parana;4127106;TELEMACO BORBA;2.000 
2019;Parana;4127700;TOLEDO;100.457 
2019;Parana;4128104;UMUARAMA;77.000 
2019;Parana;4128203;UNIAO DA VITORIA;18.000 
2019;Parana;4128500;WENCESLAU BRAZ;2.116 
2019;Santa Catarina;4202008;BALNEARIO CAMBORIU;15.500 
2019;Santa Catarina;4202404;BLUMENAU;120.778 
2019;Santa Catarina;4202453;BOMBINHAS;5.000 
2019;Santa Catarina;4202800;BRACO DO NORTE;16.000 
2019;Santa Catarina;4202909;BRUSQUE;30.900 
2019;Santa Catarina;4203006;CACADOR;55.382 
2019;Santa Catarina;4204202;CHAPECO;61.330 
2019;Santa Catarina;4204301;CONCORDIA;15.000 
2019;Santa Catarina;4204608;CRICIUMA;3.500 
2019;Santa Catarina;4204806;CURITIBANOS;17.929 
2019;Santa Catarina;4205407;FLORIANOPOLIS;184.000 
2019;Santa Catarina;4205456;FORQUILHINHA;50.000 
2019;Santa Catarina;4206009;GOVERNADOR CELSO RAMOS;8.000 
2019;Santa Catarina;4206900;IBIRAMA;10.000 
2019;Santa Catarina;4207304;IMBITUBA;25.000 
2019;Santa Catarina;4208203;ITAJAI;12.541 
2019;Santa Catarina;4208302;ITAPEMA;232 
2019;Santa Catarina;4208906;JARAGUA DO SUL;5.000 
2019;Santa Catarina;4209003;JOACABA;25.000 
2019;Santa Catarina;4209102;JOINVILLE;23.608 
2019;Santa Catarina;4209300;LAGES;53.127 
2019;Santa Catarina;4209607;LAURO MULLER;1.500 
2019;Santa Catarina;4210001;LUIZ ALVES;58.500 
2019;Santa Catarina;4210506;MARAVILHA;1.000 
2019;Santa Catarina;4211009;MONDAI;4.000 
2019;Santa Catarina;4211306;NAVEGANTES;82.500 
2019;Santa Catarina;4211504;NOVA TRENTO;296 
2019;Santa Catarina;4212502;PENHA;4.000 
2019;Santa Catarina;4213500;PORTO BELO;300.000 
2019;Santa Catarina;4214607;RIO DO OESTE;2.000 
2019;Santa Catarina;4214805;RIO DO SUL;16.831 
2019;Santa Catarina;4216602;SAO JOSE;121.000 
2019;Santa Catarina;4217204;SAO MIGUEL DO OESTE;10.000 
2019;Santa Catarina;4217402;SCHROEDER;12.000 
2019;Santa Catarina;4217808;TAIO;7.500 
2019;Santa Catarina;4218004;TIJUCAS;5.000 
2019;Santa Catarina;4218707;TUBARAO;11.500 
2019;Santa Catarina;4219309;VIDEIRA;29.035 
2019;Santa Catarina;4219507;XANXERE;66.000 
2019;Rio Grande do Sul;4300406;ALEGRETE;434.500 
2019;Rio Grande do Sul;4301305;ARROIO GRANDE;66.000 
2019;Rio Grande do Sul;4301602;BAGE;40.000 
2019;Rio Grande do Sul;4301909;BARRA DO RIBEIRO;10.000 
2019;Rio Grande do Sul;4302105;BENTO GONCALVES;23.000 
2019;Rio Grande do Sul;4303004;CACHOEIRA DO SUL;187.000 
2019;Rio Grande do Sul;4304408;CANELA;145.000 
2019;Rio Grande do Sul;4304606;CANOAS;5.277 
2019;Rio Grande do Sul;4304671;CAPIVARI DO SUL;10.000 
2019;Rio Grande do Sul;4304705;CARAZINHO;68.000 
2019;Rio Grande do Sul;4305108;CAXIAS DO SUL;53.500 
2019;Rio Grande do Sul;4305405;CHIAPETTA;4.933 
2019;Rio Grande do Sul;4305975;COXILHA;7.000 
2019;Rio Grande do Sul;4306106;CRUZ ALTA;55.500 
2019;Rio Grande do Sul;4306601;DOM PEDRITO;115.000 
2019;Rio Grande do Sul;4306767;ELDORADO DO SUL;127.000 
2019;Rio Grande do Sul;4306809;ENCANTADO;12.000 
2019;Rio Grande do Sul;4307005;ERECHIM;147.000 
2019;Rio Grande do Sul;4307500;ESPUMOSO;39.000 
2019;Rio Grande do Sul;4307559;ESTACAO;20.000 
2019;Rio Grande do Sul;4308201;FLORES DA CUNHA;5.000 
2019;Rio Grande do Sul;4308508;FREDERICO WESTPHALEN;20.000 
2019;Rio Grande do Sul;4308607;GARIBALDI;3.000 
2019;Rio Grande do Sul;4309001;GIRUA;3.400 
2019;Rio Grande do Sul;4310207;IJUI;50.300 
2019;Rio Grande do Sul;4310603;ITAQUI;125.500 
2019;Rio Grande do Sul;4311130;JARI;10.000 
2019;Rio Grande do Sul;4312401;MONTENEGRO;75.000 
2019;Rio Grande do Sul;4312500;MOSTARDAS;115.000 
2019;Rio Grande do Sul;4313409;NOVO HAMBURGO;50.000 
2019;Rio Grande do Sul;4313508;OSORIO;43.500 
2019;Rio Grande do Sul;4313656;PALMARES DO SUL;80.000 
2019;Rio Grande do Sul;4313706;PALMEIRA DAS MISSOES;28.000 
2019;Rio Grande do Sul;4313953;PANTANO GRANDE;63.000 
2019;Rio Grande do Sul;4314100;PASSO FUNDO;132.750 
2019;Rio Grande do Sul;4314407;PELOTAS;202.000 
2019;Rio Grande do Sul;4314803;PORTAO;17 
2019;Rio Grande do Sul;4314902;PORTO ALEGRE;228.500 
2019;Rio Grande do Sul;4315503;RESTINGA SECA;35.000 
2019;Rio Grande do Sul;4315602;RIO GRANDE;141.000 
2019;Rio Grande do Sul;4315701;RIO PARDO;15.000 
2019;Rio Grande do Sul;4316402;ROSARIO DO SUL;25.000 
2019;Rio Grande do Sul;4316808;SANTA CRUZ DO SUL;30.000 
2019;Rio Grande do Sul;4316907;SANTA MARIA;92.300 
2019;Rio Grande do Sul;4317202;SANTA ROSA;33.000 
2019;Rio Grande do Sul;4317301;SANTA VITORIA DO PALMAR;150.000 
2019;Rio Grande do Sul;4317400;SANTIAGO;71.000 
2019;Rio Grande do Sul;4317509;SANTO ANGELO;11.500 
2019;Rio Grande do Sul;4318002;SAO BORJA;62.000 
2019;Rio Grande do Sul;4318309;SAO GABRIEL;100.000 
2019;Rio Grande do Sul;4318432;SAO JOAO DO POLESINE;5.000 
2019;Rio Grande do Sul;4318804;SAO LOURENCO DO SUL;42.500 
2019;Rio Grande do Sul;4319158;SAO MIGUEL DAS MISSOES;15.000 
2019;Rio Grande do Sul;4319604;SAO SEPE;10.000 
2019;Rio Grande do Sul;4319802;SAO VICENTE DO SUL;1.000 
2019;Rio Grande do Sul;4320909;TAPEJARA;55.000 
2019;Rio Grande do Sul;4321105;TAPES;10.000 
2019;Rio Grande do Sul;4321501;TORRES;15.000 
2019;Rio Grande do Sul;4322202;TUPANCIRETA;5.000 
2019;Rio Grande do Sul;4322400;URUGUAIANA;296.375 
2019;Rio Grande do Sul;4322509;VACARIA;30.000 
2019;Rio Grande do Sul;4322806;VERANOPOLIS;34.000 
2019;Mato Grosso do Sul;5000203;AGUA CLARA;8.000 
2019;Mato Grosso do Sul;5000856;ANGELICA;5.000 
2019;Mato Grosso do Sul;5001003;APARECIDA DO TABOADO;3.000 
2019;Mato Grosso do Sul;5001102;AQUIDAUANA;66.000 
2019;Mato Grosso do Sul;5001243;ARAL MOREIRA;29.000 
2019;Mato Grosso do Sul;5002001;BATAYPORA;15.000 
2019;Mato Grosso do Sul;5002159;BODOQUENA;12.110 
2019;Mato Grosso do Sul;5002308;BRASILANDIA;15.000 
2019;Mato Grosso do Sul;5002704;CAMPO GRANDE;645.226 
2019;Mato Grosso do Sul;5002902;CASSILANDIA;61.000 
2019;Mato Grosso do Sul;5002951;CHAPADAO DO SUL;35.651 
2019;Mato Grosso do Sul;5003207;CORUMBA;35.000 
2019;Mato Grosso do Sul;5003256;COSTA RICA;30.305 
2019;Mato Grosso do Sul;5003306;COXIM;15.000 
2019;Mato Grosso do Sul;5003702;DOURADOS;642.645 
2019;Mato Grosso do Sul;5004304;IGUATEMI;3.000 
2019;Mato Grosso do Sul;5004502;ITAPORA;5.000 
2019;Mato Grosso do Sul;5005103;JATEI;9.000 
2019;Mato Grosso do Sul;5005400;MARACAJU;17.500 
2019;Mato Grosso do Sul;5005707;NAVIRAI;3.000 
2019;Mato Grosso do Sul;5006275;PARAISO DAS AGUAS;4.000 
2019;Mato Grosso do Sul;5006309;PARANAIBA;20.000 
2019;Mato Grosso do Sul;5006903;PORTO MURTINHO;40.260 
2019;Mato Grosso do Sul;5007109;RIBAS DO RIO PARDO;20.000 
2019;Mato Grosso do Sul;5007208;RIO BRILHANTE;114.000 
2019;Mato Grosso do Sul;5007406;RIO VERDE DE MATO GROSSO;29.378 
2019;Mato Grosso do Sul;5007554;SANTA RITA DO PARDO;20.000 
2019;Mato Grosso do Sul;5007695;SAO GABRIEL DO OESTE;5.000 
2019;Mato Grosso do Sul;5008305;TRES LAGOAS;141.433 
2019;Mato Grosso;5100201;AGUA BOA;62.504 
2019;Mato Grosso;5100250;ALTA FLORESTA;227.845 
2019;Mato Grosso;5100409;ALTO GARCAS;870 
2019;Mato Grosso;5100607;ALTO TAQUARI;10.000 
2019;Mato Grosso;5101605;BARAO DE MELGACO;1.496 
2019;Mato Grosso;5101803;BARRA DO GARCAS;10.299 
2019;Mato Grosso;5101852;BOM JESUS DO ARAGUAIA;346 
2019;Mato Grosso;5101902;BRASNORTE;1.023 
2019;Mato Grosso;5102504;CACERES;38.415 
2019;Mato Grosso;5102637;CAMPO NOVO DO PARECIS;77.430 
2019;Mato Grosso;5102678;CAMPO VERDE;10.164 
2019;Mato Grosso;5102686;CAMPOS DE JULIO;5.000 
2019;Mato Grosso;5102702;CANARANA;30.000 
2019;Mato Grosso;5103007;CHAPADA DOS GUIMARAES;25.000 
2019;Mato Grosso;5103205;COLIDER;25.831 
2019;Mato Grosso;5103254;COLNIZA;10.239 
2019;Mato Grosso;5103304;COMODORO;301 
2019;Mato Grosso;5103353;CONFRESA;237.131 
2019;Mato Grosso;5103361;CONQUISTA D'OESTE;732 
2019;Mato Grosso;5103403;CUIABA;269.779 
2019;Mato Grosso;5103502;DIAMANTINO;195 
2019;Mato Grosso;5103858;GAUCHA DO NORTE;10.000 
2019;Mato Grosso;5104104;GUARANTA DO NORTE;20.000 
2019;Mato Grosso;5104526;IPIRANGA DO NORTE;10.000 
2019;Mato Grosso;5104609;ITIQUIRA;6.578 
2019;Mato Grosso;5104807;JACIARA;293 
2019;Mato Grosso;5105101;JUARA;51.273 
2019;Mato Grosso;5105150;JUINA;75.000 
2019;Mato Grosso;5105259;LUCAS DO RIO VERDE;5.222 
2019;Mato Grosso;5105507;VILA BELA DA SANTISSIMA TRINDADE;25.105 
2019;Mato Grosso;5106158;NOVA BANDEIRANTES;10.000 
2019;Mato Grosso;5106208;NOVA BRASILANDIA;142 
2019;Mato Grosso;5106216;NOVA CANAA DO NORTE;192.099 
2019;Mato Grosso;5106240;NOVA UBIRATA;5.000 
2019;Mato Grosso;5106281;NOVO SAO JOAQUIM;339 
2019;Mato Grosso;5106299;PARANAITA;3.000 
2019;Mato Grosso;5106307;PARANATINGA;12.202 
2019;Mato Grosso;5106372;PEDRA PRETA;415 
2019;Mato Grosso;5106505;POCONE;38.000 
2019;Mato Grosso;5106752;PONTES E LACERDA;5.000 
2019;Mato Grosso;5106851;PORTO ESTRELA;664 
2019;Mato Grosso;5107008;POXOREU;5.060 
2019;Mato Grosso;5107040;PRIMAVERA DO LESTE;380.962 
2019;Mato Grosso;5107065;QUERENCIA;147 
2019;Mato Grosso;5107180;RIBEIRAO CASCALHEIRA;1.443 
2019;Mato Grosso;5107354;SAO JOSE DO XINGU;30.317 
2019;Mato Grosso;5107578;RONDOLANDIA;500 
2019;Mato Grosso;5107602;RONDONOPOLIS;297.362 
2019;Mato Grosso;5107701;ROSARIO OESTE;13.684 
2019;Mato Grosso;5107750;SALTO DO CEU;160 
2019;Mato Grosso;5107776;SANTA TEREZINHA;92 
2019;Mato Grosso;5107800;SANTO ANTONIO DO LEVERGER;41.000 
2019;Mato Grosso;5107859;SAO FELIX DO ARAGUAIA;25.000 
2019;Mato Grosso;5107875;SAPEZAL;73.918 
2019;Mato Grosso;5107909;SINOP;272.219 
2019;Mato Grosso;5107925;SORRISO;125.322 
2019;Mato Grosso;5107958;TANGARA DA SERRA;168.535 
2019;Mato Grosso;5108006;TAPURAH;21.605 
2019;Mato Grosso;5108055;TERRA NOVA DO NORTE;684 
2019;Mato Grosso;5108402;VARZEA GRANDE;973.003 
2019;Mato Grosso;5108600;VILA RICA;15.000 
2019;Mato Grosso;5108907;NOVA MARINGA;38.000 
2019;Goias;5201108;ANAPOLIS;1.750 
2019;Goias;5201306;ANICUNS;101 
2019;Goias;5201405;APARECIDA DE GOIANIA;218 
2019;Goias;5203302;BELA VISTA DE GOIAS;199 
2019;Goias;5203500;BOM JESUS;8.153 
2019;Goias;5203575;BONOPOLIS;1.727 
2019;Goias;5203906;BURITI ALEGRE;200 
2019;Goias;5205109;CATALAO;96.000 
2019;Goias;5205307;CAVALCANTE;118 
2019;Goias;5205471;CHAPADAO DO CEU;47.000 
2019;Goias;5208004;FORMOSA;20.000 
2019;Goias;5208707;GOIANIA;1.851.326 
2019;Goias;5208905;GOIAS;10.089 
2019;Goias;5211503;ITUMBIARA;36.000 
2019;Goias;5211909;JATAI;16.249 
2019;Goias;5212204;JUSSARA;5.487 
2019;Goias;5212501;LUZIANIA;45.856 
2019;Goias;5213087;MINACU;4.000 
2019;Goias;5213103;MINEIROS;59.016 
2019;Goias;5214838;NOVA CRIXAS;316 
2019;Goias;5215256;NOVO PLANALTO;317 
2019;Goias;5218003;PORANGATU;12.000 
2019;Goias;5218805;RIO VERDE;285 
2019;Goias;5219308;SANTA HELENA DE GOIAS;12.000 
2019;Goias;5220207;SAO MIGUEL DO ARAGUAIA;213.000 
2019;Goias;5220702;SITIO D'ABADIA;10.000 
2019;Distrito Federal;5300108;BRASILIA;159.119 
